,path
0,84
1,85
2,85
3,85
4,85
5,85
6,85
7,85
8,86
9,86
10,86
11,86
12,86
13,86
14,86
15,86
16,86
17,86
18,86
19,86
20,86
21,86
22,86
23,86
24,86
25,86
26,86
27,86
28,86
29,86
30,87
31,87
32,87
33,87
34,87
35,87
36,87
37,87
38,87
39,87
40,87
41,87
42,87
43,87
44,87
45,87
46,87
47,87
48,87
49,87
50,87
51,87
52,87
53,87
54,87
55,87
56,87
57,87
58,87
59,87
60,87
61,87
62,87
63,87
64,87
65,87
66,87
67,87
68,87
69,87
70,87
71,87
72,87
73,87
74,87
75,87
76,87
77,87
78,87
79,87
80,87
81,87
82,87
83,88
84,88
85,88
86,88
87,88
88,88
89,88
90,88
91,88
92,88
93,88
94,88
95,88
96,88
97,88
98,88
99,88
100,88
101,88
102,88
103,88
104,88
105,88
106,88
107,88
108,88
109,88
110,88
111,88
112,88
113,88
114,88
115,88
116,88
117,88
118,88
119,88
120,88
121,88
122,88
123,88
124,88
125,88
126,88
127,88
128,88
129,88
130,88
131,88
132,88
133,88
134,88
135,88
136,88
137,88
138,88
139,88
140,88
141,88
142,88
143,88
144,88
145,88
146,88
147,88
148,88
149,88
150,88
151,88
152,88
153,88
154,88
155,88
156,88
157,88
158,88
159,88
160,88
161,88
162,88
163,88
164,88
165,88
166,88
167,88
168,88
169,88
170,88
171,88
172,88
173,88
174,88
175,88
176,88
177,88
178,88
179,88
180,88
181,88
182,88
183,88
184,88
185,88
186,88
187,88
188,88
189,89
190,89
191,89
192,89
193,89
194,89
195,89
196,89
197,89
198,89
199,89
200,89
201,89
202,89
203,89
204,89
205,89
206,89
207,89
208,89
209,89
210,89
211,89
212,89
213,89
214,89
215,89
216,89
217,89
218,89
219,89
220,89
221,89
222,89
223,89
224,89
225,89
226,89
227,89
228,89
229,89
230,89
231,89
232,89
233,89
234,89
235,89
236,89
237,89
238,89
239,89
240,89
241,89
242,89
243,89
244,89
245,89
246,89
247,89
248,89
249,89
250,89
251,89
252,89
253,89
254,89
255,89
256,89
257,89
258,89
259,89
260,89
261,89
262,89
263,89
264,89
265,89
266,89
267,89
268,89
269,89
270,89
271,89
272,89
273,89
274,89
275,89
276,89
277,89
278,89
279,89
280,89
281,89
282,89
283,89
284,89
285,89
286,89
287,89
288,89
289,89
290,89
291,89
292,89
293,89
294,89
295,89
296,89
297,89
298,89
299,89
300,89
301,89
302,89
303,89
304,89
305,89
306,89
307,89
308,89
309,89
310,89
311,89
312,89
313,89
314,89
315,89
316,89
317,89
318,89
319,89
320,89
321,89
322,89
323,89
324,89
325,89
326,89
327,89
328,89
329,89
330,89
331,89
332,89
333,89
334,89
335,89
336,89
337,89
338,89
339,89
340,89
341,89
342,89
343,89
344,89
345,89
346,89
347,89
348,89
349,89
350,89
351,89
352,89
353,89
354,89
355,89
356,89
357,89
358,89
359,89
360,89
361,89
362,89
363,89
364,89
365,89
366,89
367,89
368,89
369,89
370,89
371,90
372,90
373,90
374,90
375,90
376,90
377,90
378,90
379,90
380,90
381,90
382,90
383,90
384,90
385,90
386,90
387,90
388,90
389,90
390,90
391,90
392,90
393,90
394,90
395,90
396,90
397,90
398,90
399,90
400,90
401,90
402,90
403,90
404,90
405,90
406,90
407,90
408,90
409,90
410,90
411,90
412,90
413,90
414,90
415,90
416,90
417,90
418,90
419,90
420,90
421,90
422,90
423,90
424,90
425,90
426,90
427,90
428,90
429,90
430,90
431,90
432,90
433,90
434,90
435,90
436,90
437,90
438,90
439,90
440,90
441,90
442,90
443,90
444,90
445,90
446,90
447,90
448,90
449,90
450,90
451,90
452,90
453,90
454,90
455,90
456,90
457,90
458,90
459,90
460,90
461,90
462,90
463,90
464,90
465,90
466,90
467,90
468,90
469,90
470,90
471,90
472,90
473,90
474,90
475,90
476,90
477,90
478,90
479,90
480,90
481,90
482,90
483,90
484,90
485,90
486,90
487,90
488,90
489,90
490,90
491,90
492,90
493,90
494,90
495,90
496,90
497,90
498,90
499,90
500,90
501,90
502,90
503,90
504,90
505,90
506,90
507,90
508,90
509,90
510,90
511,90
512,90
513,90
514,90
515,90
516,90
517,90
518,90
519,90
520,90
521,90
522,90
523,90
524,90
525,90
526,90
527,90
528,90
529,90
530,90
531,90
532,90
533,90
534,90
535,90
536,90
537,90
538,90
539,90
540,90
541,90
542,90
543,90
544,90
545,90
546,90
547,90
548,90
549,90
550,90
551,90
552,90
553,90
554,90
555,90
556,90
557,90
558,90
559,90
560,90
561,90
562,90
563,90
564,90
565,90
566,90
567,90
568,90
569,90
570,90
571,90
572,90
573,90
574,90
575,90
576,90
577,90
578,90
579,90
580,90
581,90
582,90
583,90
584,90
585,90
586,90
587,90
588,90
589,90
590,90
591,90
592,90
593,90
594,90
595,90
596,90
597,90
598,90
599,90
600,90
601,90
602,90
603,90
604,90
605,90
606,90
607,90
608,90
609,90
610,90
611,90
612,90
613,90
614,90
615,90
616,90
617,90
618,90
619,90
620,90
621,90
622,90
623,90
624,90
625,90
626,90
627,90
628,90
629,90
630,90
631,90
632,90
633,90
634,90
635,90
636,90
637,90
638,91
639,91
640,91
641,91
642,91
643,91
644,91
645,91
646,91
647,91
648,91
649,91
650,91
651,91
652,91
653,91
654,91
655,91
656,91
657,91
658,91
659,91
660,91
661,91
662,91
663,91
664,91
665,91
666,91
667,91
668,91
669,91
670,91
671,91
672,91
673,91
674,91
675,91
676,91
677,91
678,91
679,91
680,91
681,91
682,91
683,91
684,91
685,91
686,91
687,91
688,91
689,91
690,91
691,91
692,91
693,91
694,91
695,91
696,91
697,91
698,91
699,91
700,91
701,91
702,91
703,91
704,91
705,91
706,91
707,91
708,91
709,91
710,91
711,91
712,91
713,91
714,91
715,91
716,91
717,91
718,91
719,91
720,91
721,91
722,91
723,91
724,91
725,91
726,91
727,91
728,91
729,91
730,91
731,91
732,91
733,91
734,91
735,91
736,91
737,91
738,91
739,91
740,91
741,91
742,91
743,91
744,91
745,91
746,91
747,91
748,91
749,91
750,91
751,91
752,91
753,91
754,91
755,91
756,91
757,91
758,91
759,91
760,91
761,91
762,91
763,91
764,91
765,91
766,91
767,91
768,91
769,91
770,91
771,91
772,91
773,91
774,91
775,91
776,91
777,91
778,91
779,91
780,91
781,91
782,91
783,91
784,91
785,91
786,91
787,91
788,91
789,91
790,91
791,91
792,91
793,91
794,91
795,91
796,91
797,91
798,91
799,91
800,91
801,91
802,91
803,91
804,91
805,91
806,91
807,91
808,91
809,91
810,91
811,91
812,91
813,91
814,91
815,91
816,91
817,91
818,91
819,91
820,91
821,91
822,91
823,91
824,91
825,91
826,91
827,91
828,91
829,91
830,91
831,91
832,91
833,91
834,91
835,91
836,91
837,91
838,91
839,91
840,91
841,91
842,91
843,91
844,91
845,91
846,91
847,91
848,91
849,91
850,91
851,91
852,91
853,91
854,91
855,91
856,91
857,91
858,91
859,91
860,91
861,91
862,91
863,91
864,91
865,91
866,91
867,91
868,91
869,91
870,91
871,91
872,91
873,91
874,91
875,91
876,91
877,91
878,91
879,91
880,91
881,91
882,91
883,91
884,91
885,91
886,91
887,91
888,91
889,91
890,91
891,91
892,91
893,91
894,91
895,91
896,91
897,91
898,91
899,91
900,91
901,91
902,91
903,91
904,91
905,91
906,91
907,91
908,91
909,91
910,91
911,91
912,91
913,91
914,91
915,91
916,91
917,91
918,91
919,91
920,91
921,91
922,91
923,91
924,91
925,91
926,91
927,91
928,91
929,91
930,91
931,91
932,91
933,91
934,91
935,91
936,91
937,91
938,91
939,91
940,91
941,91
942,91
943,91
944,91
945,91
946,91
947,91
948,91
949,91
950,91
951,91
952,91
953,91
954,91
955,91
956,91
957,91
958,91
959,91
960,91
961,91
962,91
963,91
964,91
965,91
966,91
967,91
968,91
969,91
970,91
971,91
972,91
973,91
974,91
975,91
976,91
977,91
978,91
979,91
980,91
981,91
982,91
983,92
984,92
985,92
986,92
987,92
988,92
989,92
990,92
991,92
992,92
993,92
994,92
995,92
996,92
997,92
998,92
999,92
1000,92
1001,92
1002,92
1003,92
1004,92
1005,92
1006,92
1007,92
1008,92
1009,92
1010,92
1011,92
1012,92
1013,92
1014,92
1015,92
1016,92
1017,92
1018,92
1019,92
1020,92
1021,92
1022,92
1023,92
1024,92
1025,92
1026,92
1027,92
1028,92
1029,92
1030,92
1031,92
1032,92
1033,92
1034,92
1035,92
1036,92
1037,92
1038,92
1039,92
1040,92
1041,92
1042,92
1043,92
1044,92
1045,92
1046,92
1047,92
1048,92
1049,92
1050,92
1051,92
1052,92
1053,92
1054,92
1055,92
1056,92
1057,92
1058,92
1059,92
1060,92
1061,92
1062,92
1063,92
1064,92
1065,92
1066,92
1067,92
1068,92
1069,92
1070,92
1071,92
1072,92
1073,92
1074,92
1075,92
1076,92
1077,92
1078,92
1079,92
1080,92
1081,92
1082,92
1083,92
1084,92
1085,92
1086,92
1087,92
1088,92
1089,92
1090,92
1091,92
1092,92
1093,92
1094,92
1095,92
1096,92
1097,92
1098,92
1099,92
1100,92
1101,92
1102,92
1103,92
1104,92
1105,92
1106,92
1107,92
1108,92
1109,92
1110,92
1111,92
1112,92
1113,92
1114,92
1115,92
1116,92
1117,92
1118,92
1119,92
1120,92
1121,92
1122,92
1123,92
1124,92
1125,92
1126,92
1127,92
1128,92
1129,92
1130,92
1131,92
1132,92
1133,92
1134,92
1135,92
1136,92
1137,92
1138,92
1139,92
1140,92
1141,92
1142,92
1143,92
1144,92
1145,92
1146,92
1147,92
1148,92
1149,92
1150,92
1151,92
1152,92
1153,92
1154,92
1155,92
1156,92
1157,92
1158,92
1159,92
1160,92
1161,92
1162,92
1163,92
1164,92
1165,92
1166,92
1167,92
1168,92
1169,92
1170,92
1171,92
1172,92
1173,92
1174,92
1175,92
1176,92
1177,92
1178,92
1179,92
1180,92
1181,92
1182,92
1183,92
1184,92
1185,92
1186,92
1187,92
1188,92
1189,92
1190,92
1191,92
1192,92
1193,92
1194,92
1195,92
1196,92
1197,92
1198,92
1199,92
1200,92
1201,92
1202,92
1203,92
1204,92
1205,92
1206,92
1207,92
1208,92
1209,92
1210,92
1211,92
1212,92
1213,92
1214,92
1215,92
1216,92
1217,92
1218,92
1219,92
1220,92
1221,92
1222,92
1223,92
1224,92
1225,92
1226,92
1227,92
1228,92
1229,92
1230,92
1231,92
1232,92
1233,92
1234,92
1235,92
1236,92
1237,92
1238,92
1239,92
1240,92
1241,92
1242,92
1243,92
1244,92
1245,92
1246,92
1247,92
1248,92
1249,92
1250,92
1251,92
1252,92
1253,92
1254,92
1255,92
1256,92
1257,92
1258,92
1259,92
1260,92
1261,92
1262,92
1263,92
1264,92
1265,92
1266,92
1267,92
1268,92
1269,92
1270,92
1271,92
1272,92
1273,92
1274,92
1275,92
1276,92
1277,92
1278,92
1279,92
1280,92
1281,92
1282,92
1283,92
1284,92
1285,92
1286,92
1287,92
1288,92
1289,92
1290,92
1291,92
1292,92
1293,92
1294,92
1295,92
1296,92
1297,92
1298,92
1299,92
1300,92
1301,92
1302,92
1303,92
1304,92
1305,92
1306,92
1307,92
1308,92
1309,92
1310,92
1311,92
1312,92
1313,92
1314,92
1315,92
1316,92
1317,92
1318,92
1319,92
1320,92
1321,92
1322,92
1323,92
1324,92
1325,92
1326,92
1327,92
1328,92
1329,92
1330,92
1331,92
1332,92
1333,92
1334,92
1335,92
1336,92
1337,92
1338,92
1339,92
1340,92
1341,92
1342,92
1343,92
1344,92
1345,92
1346,92
1347,92
1348,92
1349,92
1350,92
1351,92
1352,92
1353,92
1354,92
1355,92
1356,92
1357,92
1358,92
1359,92
1360,92
1361,92
1362,92
1363,92
1364,92
1365,92
1366,92
1367,92
1368,92
1369,92
1370,92
1371,92
1372,92
1373,92
1374,92
1375,92
1376,92
1377,92
1378,92
1379,92
1380,92
1381,92
1382,92
1383,92
1384,92
1385,92
1386,92
1387,92
1388,92
1389,92
1390,92
1391,92
1392,92
1393,93
1394,93
1395,93
1396,93
1397,93
1398,93
1399,93
1400,93
1401,93
1402,93
1403,93
1404,93
1405,93
1406,93
1407,93
1408,93
1409,93
1410,93
1411,93
1412,93
1413,93
1414,93
1415,93
1416,93
1417,93
1418,93
1419,93
1420,93
1421,93
1422,93
1423,93
1424,93
1425,93
1426,93
1427,93
1428,93
1429,93
1430,93
1431,93
1432,93
1433,93
1434,93
1435,93
1436,93
1437,93
1438,93
1439,93
1440,93
1441,93
1442,93
1443,93
1444,93
1445,93
1446,93
1447,93
1448,93
1449,93
1450,93
1451,93
1452,93
1453,93
1454,93
1455,93
1456,93
1457,93
1458,93
1459,93
1460,93
1461,93
1462,93
1463,93
1464,93
1465,93
1466,93
1467,93
1468,93
1469,93
1470,93
1471,93
1472,93
1473,93
1474,93
1475,93
1476,93
1477,93
1478,93
1479,93
1480,93
1481,93
1482,93
1483,93
1484,93
1485,93
1486,93
1487,93
1488,93
1489,93
1490,93
1491,93
1492,93
1493,93
1494,93
1495,93
1496,93
1497,93
1498,93
1499,93
1500,93
1501,93
1502,93
1503,93
1504,93
1505,93
1506,93
1507,93
1508,93
1509,93
1510,93
1511,93
1512,93
1513,93
1514,93
1515,93
1516,93
1517,93
1518,93
1519,93
1520,93
1521,93
1522,93
1523,93
1524,93
1525,93
1526,93
1527,93
1528,93
1529,93
1530,93
1531,93
1532,93
1533,93
1534,93
1535,93
1536,93
1537,93
1538,93
1539,93
1540,93
1541,93
1542,93
1543,93
1544,93
1545,93
1546,93
1547,93
1548,93
1549,93
1550,93
1551,93
1552,93
1553,93
1554,93
1555,93
1556,93
1557,93
1558,93
1559,93
1560,93
1561,93
1562,93
1563,93
1564,93
1565,93
1566,93
1567,93
1568,93
1569,93
1570,93
1571,93
1572,93
1573,93
1574,93
1575,93
1576,93
1577,93
1578,93
1579,93
1580,93
1581,93
1582,93
1583,93
1584,93
1585,93
1586,93
1587,93
1588,93
1589,93
1590,93
1591,93
1592,93
1593,93
1594,93
1595,93
1596,93
1597,93
1598,93
1599,93
1600,93
1601,93
1602,93
1603,93
1604,93
1605,93
1606,93
1607,93
1608,93
1609,93
1610,93
1611,93
1612,93
1613,93
1614,93
1615,93
1616,93
1617,93
1618,93
1619,93
1620,93
1621,93
1622,93
1623,93
1624,93
1625,93
1626,93
1627,93
1628,93
1629,93
1630,93
1631,93
1632,93
1633,93
1634,93
1635,93
1636,93
1637,93
1638,93
1639,93
1640,93
1641,93
1642,93
1643,93
1644,93
1645,93
1646,93
1647,93
1648,93
1649,93
1650,93
1651,93
1652,93
1653,93
1654,93
1655,93
1656,93
1657,93
1658,93
1659,93
1660,93
1661,93
1662,93
1663,93
1664,93
1665,93
1666,93
1667,93
1668,93
1669,93
1670,93
1671,93
1672,93
1673,93
1674,93
1675,93
1676,93
1677,93
1678,93
1679,93
1680,93
1681,93
1682,93
1683,93
1684,93
1685,93
1686,93
1687,93
1688,93
1689,93
1690,93
1691,93
1692,93
1693,93
1694,93
1695,93
1696,93
1697,93
1698,93
1699,93
1700,93
1701,93
1702,93
1703,93
1704,93
1705,93
1706,93
1707,93
1708,93
1709,93
1710,93
1711,93
1712,93
1713,93
1714,93
1715,93
1716,93
1717,93
1718,93
1719,93
1720,93
1721,93
1722,93
1723,93
1724,93
1725,93
1726,93
1727,93
1728,93
1729,93
1730,93
1731,93
1732,93
1733,93
1734,93
1735,93
1736,93
1737,93
1738,93
1739,93
1740,93
1741,93
1742,93
1743,93
1744,93
1745,93
1746,93
1747,93
1748,93
1749,93
1750,93
1751,93
1752,93
1753,93
1754,93
1755,93
1756,93
1757,93
1758,93
1759,93
1760,93
1761,93
1762,93
1763,93
1764,93
1765,93
1766,93
1767,93
1768,93
1769,93
1770,93
1771,93
1772,93
1773,93
1774,93
1775,93
1776,93
1777,93
1778,93
1779,93
1780,93
1781,93
1782,93
1783,93
1784,93
1785,93
1786,93
1787,93
1788,93
1789,93
1790,93
1791,93
1792,93
1793,93
1794,93
1795,93
1796,93
1797,93
1798,93
1799,93
1800,93
1801,93
1802,93
1803,93
1804,93
1805,93
1806,93
1807,93
1808,93
1809,93
1810,93
1811,93
1812,93
1813,93
1814,93
1815,93
1816,93
1817,93
1818,93
1819,93
1820,93
1821,93
1822,93
1823,93
1824,93
1825,93
1826,93
1827,93
1828,93
1829,93
1830,93
1831,93
1832,93
1833,93
1834,93
1835,93
1836,93
1837,93
1838,93
1839,93
1840,93
1841,93
1842,93
1843,93
1844,93
1845,93
1846,93
1847,93
1848,93
1849,93
1850,93
1851,93
1852,93
1853,94
1854,94
1855,94
1856,94
1857,94
1858,94
1859,94
1860,94
1861,94
1862,94
1863,94
1864,94
1865,94
1866,94
1867,94
1868,94
1869,94
1870,94
1871,94
1872,94
1873,94
1874,94
1875,94
1876,94
1877,94
1878,94
1879,94
1880,94
1881,94
1882,94
1883,94
1884,94
1885,94
1886,94
1887,94
1888,94
1889,94
1890,94
1891,94
1892,94
1893,94
1894,94
1895,94
1896,94
1897,94
1898,94
1899,94
1900,94
1901,94
1902,94
1903,94
1904,94
1905,94
1906,94
1907,94
1908,94
1909,94
1910,94
1911,94
1912,94
1913,94
1914,94
1915,94
1916,94
1917,94
1918,94
1919,94
1920,94
1921,94
1922,94
1923,94
1924,94
1925,94
1926,94
1927,94
1928,94
1929,94
1930,94
1931,94
1932,94
1933,94
1934,94
1935,94
1936,94
1937,94
1938,94
1939,94
1940,94
1941,94
1942,94
1943,94
1944,94
1945,94
1946,94
1947,94
1948,94
1949,94
1950,94
1951,94
1952,94
1953,94
1954,94
1955,94
1956,94
1957,94
1958,94
1959,94
1960,94
1961,94
1962,94
1963,94
1964,94
1965,94
1966,94
1967,94
1968,94
1969,94
1970,94
1971,94
1972,94
1973,94
1974,94
1975,94
1976,94
1977,94
1978,94
1979,94
1980,94
1981,94
1982,94
1983,94
1984,94
1985,94
1986,94
1987,94
1988,94
1989,94
1990,94
1991,94
1992,94
1993,94
1994,94
1995,94
1996,94
1997,94
1998,94
1999,94
2000,94
2001,94
2002,94
2003,94
2004,94
2005,94
2006,94
2007,94
2008,94
2009,94
2010,94
2011,94
2012,94
2013,94
2014,94
2015,94
2016,94
2017,94
2018,94
2019,94
2020,94
2021,94
2022,94
2023,94
2024,94
2025,94
2026,94
2027,94
2028,94
2029,94
2030,94
2031,94
2032,94
2033,94
2034,94
2035,94
2036,94
2037,94
2038,94
2039,94
2040,94
2041,94
2042,94
2043,94
2044,94
2045,94
2046,94
2047,94
2048,94
2049,94
2050,94
2051,94
2052,94
2053,94
2054,94
2055,94
2056,94
2057,94
2058,94
2059,94
2060,94
2061,94
2062,94
2063,94
2064,94
2065,94
2066,94
2067,94
2068,94
2069,94
2070,94
2071,94
2072,94
2073,94
2074,94
2075,94
2076,94
2077,94
2078,94
2079,94
2080,94
2081,94
2082,94
2083,94
2084,94
2085,94
2086,94
2087,94
2088,94
2089,94
2090,94
2091,94
2092,94
2093,94
2094,94
2095,94
2096,94
2097,94
2098,94
2099,94
2100,94
2101,94
2102,94
2103,94
2104,94
2105,94
2106,94
2107,94
2108,94
2109,94
2110,94
2111,94
2112,94
2113,94
2114,94
2115,94
2116,94
2117,94
2118,94
2119,94
2120,94
2121,94
2122,94
2123,94
2124,94
2125,94
2126,94
2127,94
2128,94
2129,94
2130,94
2131,94
2132,94
2133,94
2134,94
2135,94
2136,94
2137,94
2138,94
2139,94
2140,94
2141,94
2142,94
2143,94
2144,94
2145,94
2146,94
2147,94
2148,94
2149,94
2150,94
2151,94
2152,94
2153,94
2154,94
2155,94
2156,94
2157,94
2158,94
2159,94
2160,94
2161,94
2162,94
2163,94
2164,94
2165,94
2166,94
2167,94
2168,94
2169,94
2170,94
2171,94
2172,94
2173,94
2174,94
2175,94
2176,94
2177,94
2178,94
2179,94
2180,94
2181,94
2182,94
2183,94
2184,94
2185,94
2186,94
2187,94
2188,94
2189,94
2190,94
2191,94
2192,94
2193,94
2194,94
2195,94
2196,94
2197,94
2198,94
2199,94
2200,94
2201,94
2202,94
2203,94
2204,94
2205,94
2206,94
2207,94
2208,94
2209,94
2210,94
2211,94
2212,94
2213,94
2214,94
2215,94
2216,94
2217,94
2218,94
2219,94
2220,94
2221,94
2222,94
2223,94
2224,94
2225,94
2226,94
2227,94
2228,94
2229,94
2230,94
2231,94
2232,94
2233,94
2234,94
2235,94
2236,94
2237,94
2238,94
2239,94
2240,94
2241,94
2242,94
2243,94
2244,94
2245,94
2246,94
2247,94
2248,94
2249,94
2250,94
2251,94
2252,94
2253,94
2254,94
2255,94
2256,94
2257,94
2258,94
2259,94
2260,94
2261,94
2262,94
2263,94
2264,94
2265,94
2266,94
2267,94
2268,94
2269,94
2270,94
2271,94
2272,94
2273,94
2274,94
2275,94
2276,94
2277,94
2278,94
2279,94
2280,94
2281,94
2282,94
2283,94
2284,94
2285,94
2286,94
2287,94
2288,94
2289,94
2290,94
2291,94
2292,94
2293,94
2294,94
2295,94
2296,94
2297,94
2298,94
2299,94
2300,94
2301,94
2302,94
2303,94
2304,94
2305,94
2306,94
2307,94
2308,94
2309,94
2310,94
2311,94
2312,94
2313,94
2314,94
2315,94
2316,94
2317,94
2318,94
2319,94
2320,94
2321,94
2322,94
2323,94
2324,94
2325,94
2326,94
2327,94
2328,94
2329,94
2330,94
2331,94
2332,95
2333,95
2334,95
2335,95
2336,95
2337,95
2338,95
2339,95
2340,95
2341,95
2342,95
2343,95
2344,95
2345,95
2346,95
2347,95
2348,95
2349,95
2350,95
2351,95
2352,95
2353,95
2354,95
2355,95
2356,95
2357,95
2358,95
2359,95
2360,95
2361,95
2362,95
2363,95
2364,95
2365,95
2366,95
2367,95
2368,95
2369,95
2370,95
2371,95
2372,95
2373,95
2374,95
2375,95
2376,95
2377,95
2378,95
2379,95
2380,95
2381,95
2382,95
2383,95
2384,95
2385,95
2386,95
2387,95
2388,95
2389,95
2390,95
2391,95
2392,95
2393,95
2394,95
2395,95
2396,95
2397,95
2398,95
2399,95
2400,95
2401,95
2402,95
2403,95
2404,95
2405,95
2406,95
2407,95
2408,95
2409,95
2410,95
2411,95
2412,95
2413,95
2414,95
2415,95
2416,95
2417,95
2418,95
2419,95
2420,95
2421,95
2422,95
2423,95
2424,95
2425,95
2426,95
2427,95
2428,95
2429,95
2430,95
2431,95
2432,95
2433,95
2434,95
2435,95
2436,95
2437,95
2438,95
2439,95
2440,95
2441,95
2442,95
2443,95
2444,95
2445,95
2446,95
2447,95
2448,95
2449,95
2450,95
2451,95
2452,95
2453,95
2454,95
2455,95
2456,95
2457,95
2458,95
2459,95
2460,95
2461,95
2462,95
2463,95
2464,95
2465,95
2466,95
2467,95
2468,95
2469,95
2470,95
2471,95
2472,95
2473,95
2474,95
2475,95
2476,95
2477,95
2478,95
2479,95
2480,95
2481,95
2482,95
2483,95
2484,95
2485,95
2486,95
2487,95
2488,95
2489,95
2490,95
2491,95
2492,95
2493,95
2494,95
2495,95
2496,95
2497,95
2498,95
2499,95
2500,95
2501,95
2502,95
2503,95
2504,95
2505,95
2506,95
2507,95
2508,95
2509,95
2510,95
2511,95
2512,95
2513,95
2514,95
2515,95
2516,95
2517,95
2518,95
2519,95
2520,95
2521,95
2522,95
2523,95
2524,95
2525,95
2526,95
2527,95
2528,95
2529,95
2530,95
2531,95
2532,95
2533,95
2534,95
2535,95
2536,95
2537,95
2538,95
2539,95
2540,95
2541,95
2542,95
2543,95
2544,95
2545,95
2546,95
2547,95
2548,95
2549,95
2550,95
2551,95
2552,95
2553,95
2554,95
2555,95
2556,95
2557,95
2558,95
2559,95
2560,95
2561,95
2562,95
2563,95
2564,95
2565,95
2566,95
2567,95
2568,95
2569,95
2570,95
2571,95
2572,95
2573,95
2574,95
2575,95
2576,95
2577,95
2578,95
2579,95
2580,95
2581,95
2582,95
2583,95
2584,95
2585,95
2586,95
2587,95
2588,95
2589,95
2590,95
2591,95
2592,95
2593,95
2594,95
2595,95
2596,95
2597,95
2598,95
2599,95
2600,95
2601,95
2602,95
2603,95
2604,95
2605,95
2606,95
2607,95
2608,95
2609,95
2610,95
2611,95
2612,95
2613,95
2614,95
2615,95
2616,95
2617,95
2618,95
2619,95
2620,95
2621,95
2622,95
2623,95
2624,95
2625,95
2626,95
2627,95
2628,95
2629,95
2630,95
2631,95
2632,95
2633,95
2634,95
2635,95
2636,95
2637,95
2638,95
2639,95
2640,95
2641,95
2642,95
2643,95
2644,95
2645,95
2646,95
2647,95
2648,95
2649,95
2650,95
2651,95
2652,95
2653,95
2654,95
2655,95
2656,95
2657,95
2658,95
2659,95
2660,95
2661,95
2662,95
2663,95
2664,95
2665,95
2666,95
2667,95
2668,95
2669,95
2670,95
2671,95
2672,95
2673,95
2674,95
2675,95
2676,95
2677,95
2678,95
2679,95
2680,95
2681,95
2682,95
2683,95
2684,95
2685,95
2686,95
2687,95
2688,95
2689,95
2690,95
2691,95
2692,95
2693,95
2694,95
2695,95
2696,95
2697,95
2698,95
2699,95
2700,95
2701,95
2702,95
2703,95
2704,95
2705,95
2706,95
2707,95
2708,95
2709,95
2710,95
2711,95
2712,95
2713,95
2714,95
2715,95
2716,95
2717,95
2718,95
2719,95
2720,95
2721,95
2722,95
2723,95
2724,95
2725,95
2726,95
2727,95
2728,95
2729,95
2730,95
2731,95
2732,95
2733,95
2734,95
2735,95
2736,95
2737,95
2738,95
2739,95
2740,95
2741,95
2742,95
2743,95
2744,95
2745,95
2746,95
2747,95
2748,95
2749,95
2750,95
2751,95
2752,95
2753,95
2754,95
2755,95
2756,95
2757,95
2758,95
2759,95
2760,95
2761,95
2762,95
2763,95
2764,95
2765,95
2766,95
2767,95
2768,95
2769,95
2770,95
2771,95
2772,95
2773,95
2774,95
2775,95
2776,95
2777,95
2778,95
2779,95
2780,95
2781,95
2782,95
2783,95
2784,95
2785,95
2786,95
2787,95
2788,95
2789,95
2790,95
2791,95
2792,95
2793,95
2794,95
2795,95
2796,95
2797,95
2798,96
2799,96
2800,96
2801,96
2802,96
2803,96
2804,96
2805,96
2806,96
2807,96
2808,96
2809,96
2810,96
2811,96
2812,96
2813,96
2814,96
2815,96
2816,96
2817,96
2818,96
2819,96
2820,96
2821,96
2822,96
2823,96
2824,96
2825,96
2826,96
2827,96
2828,96
2829,96
2830,96
2831,96
2832,96
2833,96
2834,96
2835,96
2836,96
2837,96
2838,96
2839,96
2840,96
2841,96
2842,96
2843,96
2844,96
2845,96
2846,96
2847,96
2848,96
2849,96
2850,96
2851,96
2852,96
2853,96
2854,96
2855,96
2856,96
2857,96
2858,96
2859,96
2860,96
2861,96
2862,96
2863,96
2864,96
2865,96
2866,96
2867,96
2868,96
2869,96
2870,96
2871,96
2872,96
2873,96
2874,96
2875,96
2876,96
2877,96
2878,96
2879,96
2880,96
2881,96
2882,96
2883,96
2884,96
2885,96
2886,96
2887,96
2888,96
2889,96
2890,96
2891,96
2892,96
2893,96
2894,96
2895,96
2896,96
2897,96
2898,96
2899,96
2900,96
2901,96
2902,96
2903,96
2904,96
2905,96
2906,96
2907,96
2908,96
2909,96
2910,96
2911,96
2912,96
2913,96
2914,96
2915,96
2916,96
2917,96
2918,96
2919,96
2920,96
2921,96
2922,96
2923,96
2924,96
2925,96
2926,96
2927,96
2928,96
2929,96
2930,96
2931,96
2932,96
2933,96
2934,96
2935,96
2936,96
2937,96
2938,96
2939,96
2940,96
2941,96
2942,96
2943,96
2944,96
2945,96
2946,96
2947,96
2948,96
2949,96
2950,96
2951,96
2952,96
2953,96
2954,96
2955,96
2956,96
2957,96
2958,96
2959,96
2960,96
2961,96
2962,96
2963,96
2964,96
2965,96
2966,96
2967,96
2968,96
2969,96
2970,96
2971,96
2972,96
2973,96
2974,96
2975,96
2976,96
2977,96
2978,96
2979,96
2980,96
2981,96
2982,96
2983,96
2984,96
2985,96
2986,96
2987,96
2988,96
2989,96
2990,96
2991,96
2992,96
2993,96
2994,96
2995,96
2996,96
2997,96
2998,96
2999,96
3000,96
3001,96
3002,96
3003,96
3004,96
3005,96
3006,96
3007,96
3008,96
3009,96
3010,96
3011,96
3012,96
3013,96
3014,96
3015,96
3016,96
3017,96
3018,96
3019,96
3020,96
3021,96
3022,96
3023,96
3024,96
3025,96
3026,96
3027,96
3028,96
3029,96
3030,96
3031,96
3032,96
3033,96
3034,96
3035,96
3036,96
3037,96
3038,96
3039,96
3040,96
3041,96
3042,96
3043,96
3044,96
3045,96
3046,96
3047,96
3048,96
3049,96
3050,96
3051,96
3052,96
3053,96
3054,96
3055,96
3056,96
3057,96
3058,96
3059,96
3060,96
3061,96
3062,96
3063,96
3064,96
3065,96
3066,96
3067,96
3068,96
3069,96
3070,96
3071,96
3072,96
3073,96
3074,96
3075,96
3076,96
3077,96
3078,96
3079,96
3080,96
3081,96
3082,96
3083,96
3084,96
3085,96
3086,96
3087,96
3088,96
3089,96
3090,96
3091,96
3092,96
3093,96
3094,96
3095,96
3096,96
3097,96
3098,96
3099,96
3100,96
3101,96
3102,96
3103,96
3104,96
3105,96
3106,96
3107,96
3108,96
3109,96
3110,96
3111,96
3112,96
3113,96
3114,96
3115,96
3116,96
3117,96
3118,96
3119,96
3120,96
3121,96
3122,96
3123,96
3124,96
3125,96
3126,96
3127,96
3128,96
3129,96
3130,96
3131,96
3132,96
3133,96
3134,96
3135,96
3136,96
3137,96
3138,96
3139,96
3140,96
3141,96
3142,96
3143,96
3144,96
3145,96
3146,96
3147,96
3148,96
3149,96
3150,96
3151,96
3152,96
3153,96
3154,96
3155,96
3156,96
3157,96
3158,96
3159,96
3160,96
3161,96
3162,96
3163,96
3164,96
3165,96
3166,96
3167,96
3168,96
3169,96
3170,96
3171,96
3172,96
3173,96
3174,96
3175,96
3176,96
3177,96
3178,96
3179,96
3180,96
3181,96
3182,96
3183,96
3184,96
3185,96
3186,96
3187,96
3188,96
3189,96
3190,96
3191,96
3192,96
3193,96
3194,96
3195,96
3196,96
3197,96
3198,96
3199,96
3200,96
3201,96
3202,96
3203,96
3204,96
3205,96
3206,96
3207,96
3208,96
3209,96
3210,96
3211,96
3212,96
3213,96
3214,96
3215,96
3216,96
3217,96
3218,96
3219,96
3220,96
3221,96
3222,96
3223,96
3224,96
3225,96
3226,96
3227,96
3228,96
3229,96
3230,96
3231,96
3232,96
3233,96
3234,96
3235,96
3236,96
3237,97
3238,97
3239,97
3240,97
3241,97
3242,97
3243,97
3244,97
3245,97
3246,97
3247,97
3248,97
3249,97
3250,97
3251,97
3252,97
3253,97
3254,97
3255,97
3256,97
3257,97
3258,97
3259,97
3260,97
3261,97
3262,97
3263,97
3264,97
3265,97
3266,97
3267,97
3268,97
3269,97
3270,97
3271,97
3272,97
3273,97
3274,97
3275,97
3276,97
3277,97
3278,97
3279,97
3280,97
3281,97
3282,97
3283,97
3284,97
3285,97
3286,97
3287,97
3288,97
3289,97
3290,97
3291,97
3292,97
3293,97
3294,97
3295,97
3296,97
3297,97
3298,97
3299,97
3300,97
3301,97
3302,97
3303,97
3304,97
3305,97
3306,97
3307,97
3308,97
3309,97
3310,97
3311,97
3312,97
3313,97
3314,97
3315,97
3316,97
3317,97
3318,97
3319,97
3320,97
3321,97
3322,97
3323,97
3324,97
3325,97
3326,97
3327,97
3328,97
3329,97
3330,97
3331,97
3332,97
3333,97
3334,97
3335,97
3336,97
3337,97
3338,97
3339,97
3340,97
3341,97
3342,97
3343,97
3344,97
3345,97
3346,97
3347,97
3348,97
3349,97
3350,97
3351,97
3352,97
3353,97
3354,97
3355,97
3356,97
3357,97
3358,97
3359,97
3360,97
3361,97
3362,97
3363,97
3364,97
3365,97
3366,97
3367,97
3368,97
3369,97
3370,97
3371,97
3372,97
3373,97
3374,97
3375,97
3376,97
3377,97
3378,97
3379,97
3380,97
3381,97
3382,97
3383,97
3384,97
3385,97
3386,97
3387,97
3388,97
3389,97
3390,97
3391,97
3392,97
3393,97
3394,97
3395,97
3396,97
3397,97
3398,97
3399,97
3400,97
3401,97
3402,97
3403,97
3404,97
3405,97
3406,97
3407,97
3408,97
3409,97
3410,97
3411,97
3412,97
3413,97
3414,97
3415,97
3416,97
3417,97
3418,97
3419,97
3420,97
3421,97
3422,97
3423,97
3424,97
3425,97
3426,97
3427,97
3428,97
3429,97
3430,97
3431,97
3432,97
3433,97
3434,97
3435,97
3436,97
3437,97
3438,97
3439,97
3440,97
3441,97
3442,97
3443,97
3444,97
3445,97
3446,97
3447,97
3448,97
3449,97
3450,97
3451,97
3452,97
3453,97
3454,97
3455,97
3456,97
3457,97
3458,97
3459,97
3460,97
3461,97
3462,97
3463,97
3464,97
3465,97
3466,97
3467,97
3468,97
3469,97
3470,97
3471,97
3472,97
3473,97
3474,97
3475,97
3476,97
3477,97
3478,97
3479,97
3480,97
3481,97
3482,97
3483,97
3484,97
3485,97
3486,97
3487,97
3488,97
3489,97
3490,97
3491,97
3492,97
3493,97
3494,97
3495,97
3496,97
3497,97
3498,97
3499,97
3500,97
3501,97
3502,97
3503,97
3504,97
3505,97
3506,97
3507,97
3508,97
3509,97
3510,97
3511,97
3512,97
3513,97
3514,97
3515,97
3516,97
3517,97
3518,97
3519,97
3520,97
3521,97
3522,97
3523,97
3524,97
3525,97
3526,97
3527,97
3528,97
3529,97
3530,97
3531,97
3532,97
3533,97
3534,97
3535,97
3536,97
3537,97
3538,97
3539,97
3540,97
3541,97
3542,97
3543,97
3544,97
3545,97
3546,97
3547,97
3548,97
3549,97
3550,97
3551,97
3552,97
3553,97
3554,97
3555,97
3556,97
3557,97
3558,97
3559,97
3560,97
3561,97
3562,97
3563,97
3564,97
3565,97
3566,97
3567,97
3568,97
3569,97
3570,97
3571,97
3572,97
3573,97
3574,97
3575,97
3576,97
3577,97
3578,97
3579,97
3580,97
3581,97
3582,97
3583,97
3584,97
3585,97
3586,97
3587,97
3588,97
3589,97
3590,97
3591,97
3592,97
3593,97
3594,97
3595,97
3596,97
3597,97
3598,97
3599,97
3600,97
3601,97
3602,97
3603,97
3604,97
3605,97
3606,97
3607,97
3608,97
3609,97
3610,97
3611,97
3612,97
3613,97
3614,97
3615,97
3616,97
3617,97
3618,97
3619,97
3620,97
3621,97
3622,97
3623,97
3624,97
3625,97
3626,97
3627,97
3628,97
3629,97
3630,97
3631,97
3632,97
3633,97
3634,97
3635,97
3636,97
3637,97
3638,97
3639,97
3640,97
3641,97
3642,97
3643,97
3644,97
3645,98
3646,98
3647,98
3648,98
3649,98
3650,98
3651,98
3652,98
3653,98
3654,98
3655,98
3656,98
3657,98
3658,98
3659,98
3660,98
3661,98
3662,98
3663,98
3664,98
3665,98
3666,98
3667,98
3668,98
3669,98
3670,98
3671,98
3672,98
3673,98
3674,98
3675,98
3676,98
3677,98
3678,98
3679,98
3680,98
3681,98
3682,98
3683,98
3684,98
3685,98
3686,98
3687,98
3688,98
3689,98
3690,98
3691,98
3692,98
3693,98
3694,98
3695,98
3696,98
3697,98
3698,98
3699,98
3700,98
3701,98
3702,98
3703,98
3704,98
3705,98
3706,98
3707,98
3708,98
3709,98
3710,98
3711,98
3712,98
3713,98
3714,98
3715,98
3716,98
3717,98
3718,98
3719,98
3720,98
3721,98
3722,98
3723,98
3724,98
3725,98
3726,98
3727,98
3728,98
3729,98
3730,98
3731,98
3732,98
3733,98
3734,98
3735,98
3736,98
3737,98
3738,98
3739,98
3740,98
3741,98
3742,98
3743,98
3744,98
3745,98
3746,98
3747,98
3748,98
3749,98
3750,98
3751,98
3752,98
3753,98
3754,98
3755,98
3756,98
3757,98
3758,98
3759,98
3760,98
3761,98
3762,98
3763,98
3764,98
3765,98
3766,98
3767,98
3768,98
3769,98
3770,98
3771,98
3772,98
3773,98
3774,98
3775,98
3776,98
3777,98
3778,98
3779,98
3780,98
3781,98
3782,98
3783,98
3784,98
3785,98
3786,98
3787,98
3788,98
3789,98
3790,98
3791,98
3792,98
3793,98
3794,98
3795,98
3796,98
3797,98
3798,98
3799,98
3800,98
3801,98
3802,98
3803,98
3804,98
3805,98
3806,98
3807,98
3808,98
3809,98
3810,98
3811,98
3812,98
3813,98
3814,98
3815,98
3816,98
3817,98
3818,98
3819,98
3820,98
3821,98
3822,98
3823,98
3824,98
3825,98
3826,98
3827,98
3828,98
3829,98
3830,98
3831,98
3832,98
3833,98
3834,98
3835,98
3836,98
3837,98
3838,98
3839,98
3840,98
3841,98
3842,98
3843,98
3844,98
3845,98
3846,98
3847,98
3848,98
3849,98
3850,98
3851,98
3852,98
3853,98
3854,98
3855,98
3856,98
3857,98
3858,98
3859,98
3860,98
3861,98
3862,98
3863,98
3864,98
3865,98
3866,98
3867,98
3868,98
3869,98
3870,98
3871,98
3872,98
3873,98
3874,98
3875,98
3876,98
3877,98
3878,98
3879,98
3880,98
3881,98
3882,98
3883,98
3884,98
3885,98
3886,98
3887,98
3888,98
3889,98
3890,98
3891,98
3892,98
3893,98
3894,98
3895,98
3896,98
3897,98
3898,98
3899,98
3900,98
3901,98
3902,98
3903,98
3904,98
3905,98
3906,98
3907,98
3908,98
3909,98
3910,98
3911,98
3912,98
3913,98
3914,98
3915,98
3916,98
3917,98
3918,98
3919,98
3920,98
3921,98
3922,98
3923,98
3924,98
3925,98
3926,98
3927,98
3928,98
3929,98
3930,98
3931,98
3932,98
3933,98
3934,98
3935,98
3936,98
3937,98
3938,98
3939,98
3940,98
3941,98
3942,98
3943,98
3944,98
3945,98
3946,98
3947,98
3948,98
3949,98
3950,98
3951,98
3952,98
3953,98
3954,98
3955,98
3956,98
3957,98
3958,98
3959,98
3960,98
3961,98
3962,98
3963,98
3964,98
3965,98
3966,98
3967,98
3968,98
3969,98
3970,98
3971,98
3972,98
3973,98
3974,98
3975,98
3976,98
3977,98
3978,98
3979,98
3980,98
3981,98
3982,98
3983,98
3984,98
3985,98
3986,98
3987,98
3988,98
3989,98
3990,98
3991,98
3992,98
3993,98
3994,98
3995,98
3996,98
3997,98
3998,98
3999,98
4000,98
4001,98
4002,98
4003,98
4004,98
4005,98
4006,98
4007,98
4008,98
4009,98
4010,98
4011,98
4012,98
4013,98
4014,98
4015,98
4016,98
4017,98
4018,98
4019,98
4020,98
4021,98
4022,98
4023,99
4024,99
4025,99
4026,99
4027,99
4028,99
4029,99
4030,99
4031,99
4032,99
4033,99
4034,99
4035,99
4036,99
4037,99
4038,99
4039,99
4040,99
4041,99
4042,99
4043,99
4044,99
4045,99
4046,99
4047,99
4048,99
4049,99
4050,99
4051,99
4052,99
4053,99
4054,99
4055,99
4056,99
4057,99
4058,99
4059,99
4060,99
4061,99
4062,99
4063,99
4064,99
4065,99
4066,99
4067,99
4068,99
4069,99
4070,99
4071,99
4072,99
4073,99
4074,99
4075,99
4076,99
4077,99
4078,99
4079,99
4080,99
4081,99
4082,99
4083,99
4084,99
4085,99
4086,99
4087,99
4088,99
4089,99
4090,99
4091,99
4092,99
4093,99
4094,99
4095,99
4096,99
4097,99
4098,99
4099,99
4100,99
4101,99
4102,99
4103,99
4104,99
4105,99
4106,99
4107,99
4108,99
4109,99
4110,99
4111,99
4112,99
4113,99
4114,99
4115,99
4116,99
4117,99
4118,99
4119,99
4120,99
4121,99
4122,99
4123,99
4124,99
4125,99
4126,99
4127,99
4128,99
4129,99
4130,99
4131,99
4132,99
4133,99
4134,99
4135,99
4136,99
4137,99
4138,99
4139,99
4140,99
4141,99
4142,99
4143,99
4144,99
4145,99
4146,99
4147,99
4148,99
4149,99
4150,99
4151,99
4152,99
4153,99
4154,99
4155,99
4156,99
4157,99
4158,99
4159,99
4160,99
4161,99
4162,99
4163,99
4164,99
4165,99
4166,99
4167,99
4168,99
4169,99
4170,99
4171,99
4172,99
4173,99
4174,99
4175,99
4176,99
4177,99
4178,99
4179,99
4180,99
4181,99
4182,99
4183,99
4184,99
4185,99
4186,99
4187,99
4188,99
4189,99
4190,99
4191,99
4192,99
4193,99
4194,99
4195,99
4196,99
4197,99
4198,99
4199,99
4200,99
4201,99
4202,99
4203,99
4204,99
4205,99
4206,99
4207,99
4208,99
4209,99
4210,99
4211,99
4212,99
4213,99
4214,99
4215,99
4216,99
4217,99
4218,99
4219,99
4220,99
4221,99
4222,99
4223,99
4224,99
4225,99
4226,99
4227,99
4228,99
4229,99
4230,99
4231,99
4232,99
4233,99
4234,99
4235,99
4236,99
4237,99
4238,99
4239,99
4240,99
4241,99
4242,99
4243,99
4244,99
4245,99
4246,99
4247,99
4248,99
4249,99
4250,99
4251,99
4252,99
4253,99
4254,99
4255,99
4256,99
4257,99
4258,99
4259,99
4260,99
4261,99
4262,99
4263,99
4264,99
4265,99
4266,99
4267,99
4268,99
4269,99
4270,99
4271,99
4272,99
4273,99
4274,99
4275,99
4276,99
4277,99
4278,99
4279,99
4280,99
4281,99
4282,99
4283,99
4284,99
4285,99
4286,99
4287,99
4288,99
4289,99
4290,99
4291,99
4292,99
4293,99
4294,99
4295,99
4296,99
4297,99
4298,99
4299,99
4300,99
4301,99
4302,99
4303,99
4304,99
4305,99
4306,99
4307,99
4308,99
4309,99
4310,99
4311,99
4312,99
4313,99
4314,99
4315,99
4316,99
4317,99
4318,99
4319,99
4320,99
4321,99
4322,99
4323,99
4324,99
4325,99
4326,99
4327,99
4328,99
4329,99
4330,99
4331,99
4332,99
4333,99
4334,99
4335,99
4336,99
4337,99
4338,99
4339,99
4340,99
4341,99
4342,99
4343,99
4344,99
4345,99
4346,99
4347,99
4348,99
4349,99
4350,99
4351,99
4352,99
4353,99
4354,99
4355,99
4356,99
4357,99
4358,99
4359,99
4360,99
4361,99
4362,99
4363,99
4364,99
4365,99
4366,99
4367,99
4368,99
4369,99
4370,99
4371,99
4372,99
4373,99
4374,99
4375,100
4376,100
4377,100
4378,100
4379,100
4380,100
4381,100
4382,100
4383,100
4384,100
4385,100
4386,100
4387,100
4388,100
4389,100
4390,100
4391,100
4392,100
4393,100
4394,100
4395,100
4396,100
4397,100
4398,100
4399,100
4400,100
4401,100
4402,100
4403,100
4404,100
4405,100
4406,100
4407,100
4408,100
4409,100
4410,100
4411,100
4412,100
4413,100
4414,100
4415,100
4416,100
4417,100
4418,100
4419,100
4420,100
4421,100
4422,100
4423,100
4424,100
4425,100
4426,100
4427,100
4428,100
4429,100
4430,100
4431,100
4432,100
4433,100
4434,100
4435,100
4436,100
4437,100
4438,100
4439,100
4440,100
4441,100
4442,100
4443,100
4444,100
4445,100
4446,100
4447,100
4448,100
4449,100
4450,100
4451,100
4452,100
4453,100
4454,100
4455,100
4456,100
4457,100
4458,100
4459,100
4460,100
4461,100
4462,100
4463,100
4464,100
4465,100
4466,100
4467,100
4468,100
4469,100
4470,100
4471,100
4472,100
4473,100
4474,100
4475,100
4476,100
4477,100
4478,100
4479,100
4480,100
4481,100
4482,100
4483,100
4484,100
4485,100
4486,100
4487,100
4488,100
4489,100
4490,100
4491,100
4492,100
4493,100
4494,100
4495,100
4496,100
4497,100
4498,100
4499,100
4500,100
4501,100
4502,100
4503,100
4504,100
4505,100
4506,100
4507,100
4508,100
4509,100
4510,100
4511,100
4512,100
4513,100
4514,100
4515,100
4516,100
4517,100
4518,100
4519,100
4520,100
4521,100
4522,100
4523,100
4524,100
4525,100
4526,100
4527,100
4528,100
4529,100
4530,100
4531,100
4532,100
4533,100
4534,100
4535,100
4536,100
4537,100
4538,100
4539,100
4540,100
4541,100
4542,100
4543,100
4544,100
4545,100
4546,100
4547,100
4548,100
4549,100
4550,100
4551,100
4552,100
4553,100
4554,100
4555,100
4556,100
4557,100
4558,100
4559,100
4560,100
4561,100
4562,100
4563,100
4564,100
4565,100
4566,100
4567,100
4568,100
4569,100
4570,100
4571,100
4572,100
4573,100
4574,100
4575,100
4576,100
4577,100
4578,100
4579,100
4580,100
4581,100
4582,100
4583,100
4584,100
4585,100
4586,100
4587,100
4588,100
4589,100
4590,100
4591,100
4592,100
4593,100
4594,100
4595,100
4596,100
4597,100
4598,100
4599,100
4600,100
4601,100
4602,100
4603,100
4604,100
4605,100
4606,100
4607,100
4608,100
4609,100
4610,100
4611,100
4612,100
4613,100
4614,100
4615,100
4616,100
4617,100
4618,100
4619,100
4620,100
4621,100
4622,100
4623,100
4624,100
4625,100
4626,100
4627,100
4628,100
4629,100
4630,100
4631,100
4632,100
4633,100
4634,100
4635,100
4636,100
4637,100
4638,100
4639,100
4640,100
4641,100
4642,100
4643,100
4644,100
4645,100
4646,100
4647,100
4648,100
4649,100
4650,100
4651,100
4652,100
4653,100
4654,100
4655,100
4656,100
4657,100
4658,100
4659,100
4660,100
4661,100
4662,100
4663,100
4664,100
4665,100
4666,100
4667,100
4668,100
4669,100
4670,100
4671,100
4672,100
4673,100
4674,100
4675,100
4676,100
4677,100
4678,100
4679,100
4680,100
4681,100
4682,100
4683,100
4684,100
4685,100
4686,100
4687,100
4688,100
4689,100
4690,100
4691,100
4692,100
4693,100
4694,100
4695,100
4696,100
4697,100
4698,100
4699,100
4700,101
4701,101
4702,101
4703,101
4704,101
4705,101
4706,101
4707,101
4708,101
4709,101
4710,101
4711,101
4712,101
4713,101
4714,101
4715,101
4716,101
4717,101
4718,101
4719,101
4720,101
4721,101
4722,101
4723,101
4724,101
4725,101
4726,101
4727,101
4728,101
4729,101
4730,101
4731,101
4732,101
4733,101
4734,101
4735,101
4736,101
4737,101
4738,101
4739,101
4740,101
4741,101
4742,101
4743,101
4744,101
4745,101
4746,101
4747,101
4748,101
4749,101
4750,101
4751,101
4752,101
4753,101
4754,101
4755,101
4756,101
4757,101
4758,101
4759,101
4760,101
4761,101
4762,101
4763,101
4764,101
4765,101
4766,101
4767,101
4768,101
4769,101
4770,101
4771,101
4772,101
4773,101
4774,101
4775,101
4776,101
4777,101
4778,101
4779,101
4780,101
4781,101
4782,101
4783,101
4784,101
4785,101
4786,101
4787,101
4788,101
4789,101
4790,101
4791,101
4792,101
4793,101
4794,101
4795,101
4796,101
4797,101
4798,101
4799,101
4800,101
4801,101
4802,101
4803,101
4804,101
4805,101
4806,101
4807,101
4808,101
4809,101
4810,101
4811,101
4812,101
4813,101
4814,101
4815,101
4816,101
4817,101
4818,101
4819,101
4820,101
4821,101
4822,101
4823,101
4824,101
4825,101
4826,101
4827,101
4828,101
4829,101
4830,101
4831,101
4832,101
4833,101
4834,101
4835,101
4836,101
4837,101
4838,101
4839,101
4840,101
4841,101
4842,101
4843,101
4844,101
4845,101
4846,101
4847,101
4848,101
4849,101
4850,101
4851,101
4852,101
4853,101
4854,101
4855,101
4856,101
4857,101
4858,101
4859,101
4860,101
4861,101
4862,101
4863,101
4864,101
4865,101
4866,101
4867,101
4868,101
4869,101
4870,101
4871,101
4872,101
4873,101
4874,101
4875,101
4876,101
4877,101
4878,101
4879,101
4880,101
4881,101
4882,101
4883,101
4884,101
4885,101
4886,101
4887,101
4888,101
4889,101
4890,101
4891,101
4892,101
4893,101
4894,101
4895,101
4896,101
4897,101
4898,101
4899,101
4900,101
4901,101
4902,101
4903,101
4904,101
4905,101
4906,101
4907,101
4908,101
4909,101
4910,101
4911,101
4912,101
4913,101
4914,101
4915,101
4916,101
4917,101
4918,101
4919,101
4920,101
4921,101
4922,101
4923,101
4924,101
4925,101
4926,101
4927,101
4928,101
4929,101
4930,101
4931,101
4932,101
4933,101
4934,101
4935,101
4936,101
4937,101
4938,101
4939,101
4940,101
4941,101
4942,101
4943,101
4944,101
4945,101
4946,101
4947,101
4948,101
4949,101
4950,101
4951,101
4952,101
4953,101
4954,101
4955,101
4956,101
4957,101
4958,101
4959,101
4960,101
4961,101
4962,101
4963,101
4964,101
4965,101
4966,101
4967,101
4968,101
4969,101
4970,101
4971,101
4972,101
4973,101
4974,101
4975,101
4976,101
4977,101
4978,101
4979,101
4980,101
4981,101
4982,101
4983,101
4984,101
4985,101
4986,101
4987,101
4988,101
4989,101
4990,101
4991,101
4992,101
4993,101
4994,101
4995,101
4996,101
4997,101
4998,102
4999,102
5000,102
5001,102
5002,102
5003,102
5004,102
5005,102
5006,102
5007,102
5008,102
5009,102
5010,102
5011,102
5012,102
5013,102
5014,102
5015,102
5016,102
5017,102
5018,102
5019,102
5020,102
5021,102
5022,102
5023,102
5024,102
5025,102
5026,102
5027,102
5028,102
5029,102
5030,102
5031,102
5032,102
5033,102
5034,102
5035,102
5036,102
5037,102
5038,102
5039,102
5040,102
5041,102
5042,102
5043,102
5044,102
5045,102
5046,102
5047,102
5048,102
5049,102
5050,102
5051,102
5052,102
5053,102
5054,102
5055,102
5056,102
5057,102
5058,102
5059,102
5060,102
5061,102
5062,102
5063,102
5064,102
5065,102
5066,102
5067,102
5068,102
5069,102
5070,102
5071,102
5072,102
5073,102
5074,102
5075,102
5076,102
5077,102
5078,102
5079,102
5080,102
5081,102
5082,102
5083,102
5084,102
5085,102
5086,102
5087,102
5088,102
5089,102
5090,102
5091,102
5092,102
5093,102
5094,102
5095,102
5096,102
5097,102
5098,102
5099,102
5100,102
5101,102
5102,102
5103,102
5104,102
5105,102
5106,102
5107,102
5108,102
5109,102
5110,102
5111,102
5112,102
5113,102
5114,102
5115,102
5116,102
5117,102
5118,102
5119,102
5120,102
5121,102
5122,102
5123,102
5124,102
5125,102
5126,102
5127,102
5128,102
5129,102
5130,102
5131,102
5132,102
5133,102
5134,102
5135,102
5136,102
5137,102
5138,102
5139,102
5140,102
5141,102
5142,102
5143,102
5144,102
5145,102
5146,102
5147,102
5148,102
5149,102
5150,102
5151,102
5152,102
5153,102
5154,102
5155,102
5156,102
5157,102
5158,102
5159,102
5160,102
5161,102
5162,102
5163,102
5164,102
5165,102
5166,102
5167,102
5168,102
5169,102
5170,102
5171,102
5172,102
5173,102
5174,102
5175,102
5176,102
5177,102
5178,102
5179,102
5180,102
5181,102
5182,102
5183,102
5184,102
5185,102
5186,102
5187,102
5188,102
5189,102
5190,102
5191,102
5192,102
5193,102
5194,102
5195,102
5196,102
5197,102
5198,102
5199,102
5200,102
5201,102
5202,102
5203,102
5204,102
5205,102
5206,102
5207,102
5208,102
5209,102
5210,102
5211,102
5212,102
5213,102
5214,102
5215,102
5216,102
5217,102
5218,102
5219,102
5220,102
5221,102
5222,102
5223,102
5224,102
5225,102
5226,102
5227,102
5228,102
5229,102
5230,102
5231,102
5232,102
5233,102
5234,102
5235,102
5236,102
5237,102
5238,102
5239,102
5240,102
5241,102
5242,102
5243,102
5244,102
5245,102
5246,102
5247,102
5248,102
5249,102
5250,102
5251,102
5252,102
5253,102
5254,102
5255,102
5256,102
5257,102
5258,102
5259,102
5260,102
5261,102
5262,102
5263,102
5264,102
5265,102
5266,102
5267,102
5268,102
5269,102
5270,102
5271,102
5272,102
5273,102
5274,102
5275,102
5276,103
5277,103
5278,103
5279,103
5280,103
5281,103
5282,103
5283,103
5284,103
5285,103
5286,103
5287,103
5288,103
5289,103
5290,103
5291,103
5292,103
5293,103
5294,103
5295,103
5296,103
5297,103
5298,103
5299,103
5300,103
5301,103
5302,103
5303,103
5304,103
5305,103
5306,103
5307,103
5308,103
5309,103
5310,103
5311,103
5312,103
5313,103
5314,103
5315,103
5316,103
5317,103
5318,103
5319,103
5320,103
5321,103
5322,103
5323,103
5324,103
5325,103
5326,103
5327,103
5328,103
5329,103
5330,103
5331,103
5332,103
5333,103
5334,103
5335,103
5336,103
5337,103
5338,103
5339,103
5340,103
5341,103
5342,103
5343,103
5344,103
5345,103
5346,103
5347,103
5348,103
5349,103
5350,103
5351,103
5352,103
5353,103
5354,103
5355,103
5356,103
5357,103
5358,103
5359,103
5360,103
5361,103
5362,103
5363,103
5364,103
5365,103
5366,103
5367,103
5368,103
5369,103
5370,103
5371,103
5372,103
5373,103
5374,103
5375,103
5376,103
5377,103
5378,103
5379,103
5380,103
5381,103
5382,103
5383,103
5384,103
5385,103
5386,103
5387,103
5388,103
5389,103
5390,103
5391,103
5392,103
5393,103
5394,103
5395,103
5396,103
5397,103
5398,103
5399,103
5400,103
5401,103
5402,103
5403,103
5404,103
5405,103
5406,103
5407,103
5408,103
5409,103
5410,103
5411,103
5412,103
5413,103
5414,103
5415,103
5416,103
5417,103
5418,103
5419,103
5420,103
5421,103
5422,103
5423,103
5424,103
5425,103
5426,103
5427,103
5428,103
5429,103
5430,103
5431,103
5432,103
5433,103
5434,103
5435,103
5436,103
5437,103
5438,103
5439,103
5440,103
5441,103
5442,103
5443,103
5444,103
5445,103
5446,103
5447,103
5448,103
5449,103
5450,103
5451,103
5452,103
5453,103
5454,103
5455,103
5456,103
5457,103
5458,103
5459,103
5460,103
5461,103
5462,103
5463,103
5464,103
5465,103
5466,103
5467,103
5468,103
5469,103
5470,103
5471,103
5472,103
5473,103
5474,103
5475,103
5476,103
5477,103
5478,103
5479,103
5480,103
5481,103
5482,103
5483,103
5484,103
5485,103
5486,103
5487,103
5488,103
5489,103
5490,103
5491,103
5492,103
5493,103
5494,103
5495,103
5496,103
5497,103
5498,103
5499,103
5500,103
5501,103
5502,103
5503,103
5504,103
5505,103
5506,103
5507,103
5508,103
5509,103
5510,103
5511,103
5512,103
5513,103
5514,103
5515,103
5516,103
5517,103
5518,103
5519,103
5520,103
5521,103
5522,103
5523,103
5524,103
5525,103
5526,103
5527,103
5528,103
5529,103
5530,103
5531,103
5532,103
5533,104
5534,104
5535,104
5536,104
5537,104
5538,104
5539,104
5540,104
5541,104
5542,104
5543,104
5544,104
5545,104
5546,104
5547,104
5548,104
5549,104
5550,104
5551,104
5552,104
5553,104
5554,104
5555,104
5556,104
5557,104
5558,104
5559,104
5560,104
5561,104
5562,104
5563,104
5564,104
5565,104
5566,104
5567,104
5568,104
5569,104
5570,104
5571,104
5572,104
5573,104
5574,104
5575,104
5576,104
5577,104
5578,104
5579,104
5580,104
5581,104
5582,104
5583,104
5584,104
5585,104
5586,104
5587,104
5588,104
5589,104
5590,104
5591,104
5592,104
5593,104
5594,104
5595,104
5596,104
5597,104
5598,104
5599,104
5600,104
5601,104
5602,104
5603,104
5604,104
5605,104
5606,104
5607,104
5608,104
5609,104
5610,104
5611,104
5612,104
5613,104
5614,104
5615,104
5616,104
5617,104
5618,104
5619,104
5620,104
5621,104
5622,104
5623,104
5624,104
5625,104
5626,104
5627,104
5628,104
5629,104
5630,104
5631,104
5632,104
5633,104
5634,104
5635,104
5636,104
5637,104
5638,104
5639,104
5640,104
5641,104
5642,104
5643,104
5644,104
5645,104
5646,104
5647,104
5648,104
5649,104
5650,104
5651,104
5652,104
5653,104
5654,104
5655,104
5656,104
5657,104
5658,104
5659,104
5660,104
5661,104
5662,104
5663,104
5664,104
5665,104
5666,104
5667,104
5668,104
5669,104
5670,104
5671,104
5672,104
5673,104
5674,104
5675,104
5676,104
5677,104
5678,104
5679,104
5680,104
5681,104
5682,104
5683,104
5684,104
5685,104
5686,104
5687,104
5688,104
5689,104
5690,104
5691,104
5692,104
5693,104
5694,104
5695,104
5696,104
5697,104
5698,104
5699,104
5700,104
5701,104
5702,104
5703,104
5704,104
5705,104
5706,104
5707,104
5708,104
5709,104
5710,104
5711,104
5712,104
5713,104
5714,104
5715,104
5716,104
5717,104
5718,104
5719,104
5720,104
5721,104
5722,104
5723,104
5724,104
5725,104
5726,104
5727,104
5728,104
5729,104
5730,104
5731,104
5732,104
5733,104
5734,104
5735,104
5736,104
5737,104
5738,104
5739,104
5740,104
5741,104
5742,104
5743,104
5744,104
5745,104
5746,104
5747,104
5748,104
5749,104
5750,104
5751,104
5752,104
5753,104
5754,104
5755,104
5756,104
5757,104
5758,104
5759,104
5760,104
5761,104
5762,104
5763,105
5764,105
5765,105
5766,105
5767,105
5768,105
5769,105
5770,105
5771,105
5772,105
5773,105
5774,105
5775,105
5776,105
5777,105
5778,105
5779,105
5780,105
5781,105
5782,105
5783,105
5784,105
5785,105
5786,105
5787,105
5788,105
5789,105
5790,105
5791,105
5792,105
5793,105
5794,105
5795,105
5796,105
5797,105
5798,105
5799,105
5800,105
5801,105
5802,105
5803,105
5804,105
5805,105
5806,105
5807,105
5808,105
5809,105
5810,105
5811,105
5812,105
5813,105
5814,105
5815,105
5816,105
5817,105
5818,105
5819,105
5820,105
5821,105
5822,105
5823,105
5824,105
5825,105
5826,105
5827,105
5828,105
5829,105
5830,105
5831,105
5832,105
5833,105
5834,105
5835,105
5836,105
5837,105
5838,105
5839,105
5840,105
5841,105
5842,105
5843,105
5844,105
5845,105
5846,105
5847,105
5848,105
5849,105
5850,105
5851,105
5852,105
5853,105
5854,105
5855,105
5856,105
5857,105
5858,105
5859,105
5860,105
5861,105
5862,105
5863,105
5864,105
5865,105
5866,105
5867,105
5868,105
5869,105
5870,105
5871,105
5872,105
5873,105
5874,105
5875,105
5876,105
5877,105
5878,105
5879,105
5880,105
5881,105
5882,105
5883,105
5884,105
5885,105
5886,105
5887,105
5888,105
5889,105
5890,105
5891,105
5892,105
5893,105
5894,105
5895,105
5896,105
5897,105
5898,105
5899,105
5900,105
5901,105
5902,105
5903,105
5904,105
5905,105
5906,105
5907,105
5908,105
5909,105
5910,105
5911,105
5912,105
5913,105
5914,105
5915,105
5916,105
5917,105
5918,105
5919,105
5920,105
5921,105
5922,105
5923,105
5924,105
5925,105
5926,105
5927,105
5928,105
5929,105
5930,105
5931,105
5932,105
5933,105
5934,105
5935,105
5936,105
5937,105
5938,105
5939,105
5940,105
5941,105
5942,105
5943,105
5944,105
5945,105
5946,105
5947,105
5948,105
5949,105
5950,105
5951,105
5952,105
5953,105
5954,105
5955,105
5956,105
5957,105
5958,106
5959,106
5960,106
5961,106
5962,106
5963,106
5964,106
5965,106
5966,106
5967,106
5968,106
5969,106
5970,106
5971,106
5972,106
5973,106
5974,106
5975,106
5976,106
5977,106
5978,106
5979,106
5980,106
5981,106
5982,106
5983,106
5984,106
5985,106
5986,106
5987,106
5988,106
5989,106
5990,106
5991,106
5992,106
5993,106
5994,106
5995,106
5996,106
5997,106
5998,106
5999,106
6000,106
6001,106
6002,106
6003,106
6004,106
6005,106
6006,106
6007,106
6008,106
6009,106
6010,106
6011,106
6012,106
6013,106
6014,106
6015,106
6016,106
6017,106
6018,106
6019,106
6020,106
6021,106
6022,106
6023,106
6024,106
6025,106
6026,106
6027,106
6028,106
6029,106
6030,106
6031,106
6032,106
6033,106
6034,106
6035,106
6036,106
6037,106
6038,106
6039,106
6040,106
6041,106
6042,106
6043,106
6044,106
6045,106
6046,106
6047,106
6048,106
6049,106
6050,106
6051,106
6052,106
6053,106
6054,106
6055,106
6056,106
6057,106
6058,106
6059,106
6060,106
6061,106
6062,106
6063,106
6064,106
6065,106
6066,106
6067,106
6068,106
6069,106
6070,106
6071,106
6072,106
6073,106
6074,106
6075,106
6076,106
6077,106
6078,106
6079,106
6080,106
6081,106
6082,106
6083,106
6084,106
6085,106
6086,106
6087,106
6088,106
6089,106
6090,106
6091,106
6092,106
6093,106
6094,106
6095,106
6096,106
6097,106
6098,106
6099,106
6100,107
6101,107
6102,107
6103,107
6104,107
6105,107
6106,107
6107,107
6108,107
6109,107
6110,107
6111,107
6112,107
6113,107
6114,107
6115,107
6116,107
6117,107
6118,107
6119,107
6120,107
6121,107
6122,107
6123,107
6124,107
6125,107
6126,107
6127,107
6128,107
6129,107
6130,107
6131,107
6132,107
6133,107
6134,107
6135,107
6136,107
6137,107
6138,107
6139,107
6140,107
6141,107
6142,107
6143,107
6144,107
6145,107
6146,107
6147,107
6148,107
6149,107
6150,107
6151,107
6152,107
6153,107
6154,107
6155,107
6156,107
6157,107
6158,107
6159,107
6160,107
6161,107
6162,107
6163,107
6164,107
6165,107
6166,107
6167,107
6168,107
6169,107
6170,107
6171,107
6172,107
6173,107
6174,107
6175,107
6176,107
6177,107
6178,107
6179,107
6180,107
6181,107
6182,107
6183,107
6184,108
6185,108
6186,108
6187,108
6188,108
6189,108
6190,108
6191,108
6192,108
6193,108
6194,108
6195,108
6196,108
6197,108
6198,108
6199,108
6200,108
6201,108
6202,108
6203,108
6204,108
6205,108
6206,108
6207,108
6208,108
6209,108
6210,108
6211,108
6212,108
6213,108
6214,108
6215,108
6216,108
6217,108
6218,108
6219,108
6220,108
6221,108
6222,108
6223,108
6224,108
6225,108
6226,108
6227,108
6228,108
6229,108
6230,108
6231,108
6232,109
6233,109
6234,109
6235,109
6236,109
6237,109
6238,109
6239,109
6240,109
6241,109
6242,109
6243,109
6244,109
6245,109
6246,109
6247,109
6248,109
6249,109
6250,109
6251,109
6252,109
6253,109
6254,109
6255,109
6256,109
6257,110
6258,110
6259,110
6260,110
6261,110
6262,110
6263,110
6264,110
6265,110
6266,111
6267,111
6268,111
